#Combo Code	#Language Family	#Language Code	#Language Name	#Language Endonym	#Language Direction	#Country Code	#Country Name	#Country Flag	#Country Flag Image
af-ZA	Indo-European	af	Afrikaans	Afrikaans	ltr	ZA	South Africa	ğŸ‡¿ğŸ‡¦	country-flags/data/flags/za.svg
sq-AL	Indo-European	sq	Albanian	gjuha shqipe	ltr	AL	Albania	ğŸ‡¦ğŸ‡±	country-flags/data/flags/al.svg
ar-DZ	Afro-Asiatic	ar	Arabic	Ø§Ù„Ø¹Ø±Ø¨ÙŠØ©	rtl	DZ	Algeria	ğŸ‡©ğŸ‡¿	country-flags/data/flags/dz.svg
ar-BH	Afro-Asiatic	ar	Arabic	Ø§Ù„Ø¹Ø±Ø¨ÙŠØ©	rtl	BH	Bahrain	ğŸ‡§ğŸ‡­	country-flags/data/flags/bh.svg
ar-EG	Afro-Asiatic	ar	Arabic	Ø§Ù„Ø¹Ø±Ø¨ÙŠØ©	rtl	EG	Egypt	ğŸ‡ªğŸ‡¬	country-flags/data/flags/eg.svg
ar-IQ	Afro-Asiatic	ar	Arabic	Ø§Ù„Ø¹Ø±Ø¨ÙŠØ©	rtl	IQ	Iraq	ğŸ‡®ğŸ‡¶	country-flags/data/flags/iq.svg
ar-JO	Afro-Asiatic	ar	Arabic	Ø§Ù„Ø¹Ø±Ø¨ÙŠØ©	rtl	JO	Jordan	ğŸ‡¯ğŸ‡´	country-flags/data/flags/jo.svg
ar-KW	Afro-Asiatic	ar	Arabic	Ø§Ù„Ø¹Ø±Ø¨ÙŠØ©	rtl	KW	Kuwait	ğŸ‡°ğŸ‡¼	country-flags/data/flags/kw.svg
ar-LB	Afro-Asiatic	ar	Arabic	Ø§Ù„Ø¹Ø±Ø¨ÙŠØ©	rtl	LB	Lebanon	ğŸ‡±ğŸ‡§	country-flags/data/flags/lb.svg
ar-LY	Afro-Asiatic	ar	Arabic	Ø§Ù„Ø¹Ø±Ø¨ÙŠØ©	rtl	LY	Libya	ğŸ‡±ğŸ‡¾	country-flags/data/flags/ly.svg
ar-MA	Afro-Asiatic	ar	Arabic	Ø§Ù„Ø¹Ø±Ø¨ÙŠØ©	rtl	MA	Morocco	ğŸ‡²ğŸ‡¦	country-flags/data/flags/ma.svg
ar-OM	Afro-Asiatic	ar	Arabic	Ø§Ù„Ø¹Ø±Ø¨ÙŠØ©	rtl	OM	Oman	ğŸ‡´ğŸ‡²	country-flags/data/flags/om.svg
ar-QA	Afro-Asiatic	ar	Arabic	Ø§Ù„Ø¹Ø±Ø¨ÙŠØ©	rtl	QA	Qatar	ğŸ‡¶ğŸ‡¦	country-flags/data/flags/qa.svg
ar-SA	Afro-Asiatic	ar	Arabic	Ø§Ù„Ø¹Ø±Ø¨ÙŠØ©	rtl	SA	Saudi Arabia	ğŸ‡¸ğŸ‡¦	country-flags/data/flags/sa.svg
ar-SY	Afro-Asiatic	ar	Arabic	Ø§Ù„Ø¹Ø±Ø¨ÙŠØ©	rtl	SY	Syrian Arab Republic	ğŸ‡¸ğŸ‡¾	country-flags/data/flags/sy.svg
ar-TN	Afro-Asiatic	ar	Arabic	Ø§Ù„Ø¹Ø±Ø¨ÙŠØ©	rtl	TN	Tunisia	ğŸ‡¹ğŸ‡³	country-flags/data/flags/tn.svg
ar-AE	Afro-Asiatic	ar	Arabic	Ø§Ù„Ø¹Ø±Ø¨ÙŠØ©	rtl	AE	United Arab Emirates	ğŸ‡¦ğŸ‡ª	country-flags/data/flags/ae.svg
ar-YE	Afro-Asiatic	ar	Arabic	Ø§Ù„Ø¹Ø±Ø¨ÙŠØ©	rtl	YE	Yemen	ğŸ‡¾ğŸ‡ª	country-flags/data/flags/ye.svg
hy-AM	Indo-European	hy	Armenian	Õ€Õ¡ÕµÕ¥Ö€Õ¥Õ¶	ltr	AM	Armenia	ğŸ‡¦ğŸ‡²	country-flags/data/flags/am.svg
az-AZ	Turkic	az	Azerbaijani	azÉ™rbaycan dili	ltr	AZ	Azerbaijan	ğŸ‡¦ğŸ‡¿	country-flags/data/flags/az.svg
eu-ES	Language isolate	eu	Basque	euskara, euskera	ltr	ES	Spain	ğŸ‡ªğŸ‡¸	country-flags/data/flags/es.svg
be-BY	Indo-European	be	Belarusian	Ğ±ĞµĞ»Ğ°Ñ€ÑƒÑĞºĞ°Ñ Ğ¼Ğ¾Ğ²Ğ°	ltr	BY	Belarus	ğŸ‡§ğŸ‡¾	country-flags/data/flags/by.svg
bg-BG	Indo-European	bg	Bulgarian	Ğ±ÑŠĞ»Ğ³Ğ°Ñ€ÑĞºĞ¸ ĞµĞ·Ğ¸Ğº	ltr	BG	Bulgaria	ğŸ‡§ğŸ‡¬	country-flags/data/flags/bg.svg
ca-ES	Indo-European	ca	Catalan, Valencian	catalÃ , valenciÃ 	ltr	ES	Spain	ğŸ‡ªğŸ‡¸	country-flags/data/flags/es.svg
zh-CN	Sino-Tibetan	zh	Chinese	ä¸­æ–‡ (ZhÅngwÃ©n), æ±‰è¯­, æ¼¢èª	ltr	CN	China	ğŸ‡¨ğŸ‡³	country-flags/data/flags/cn.svg
zh-HK	Sino-Tibetan	zh	Chinese	ä¸­æ–‡ (ZhÅngwÃ©n), æ±‰è¯­, æ¼¢èª	ltr	HK	Hong Kong	ğŸ‡­ğŸ‡°	country-flags/data/flags/hk.svg
zh-MO	Sino-Tibetan	zh	Chinese	ä¸­æ–‡ (ZhÅngwÃ©n), æ±‰è¯­, æ¼¢èª	ltr	MO	Macao	ğŸ‡²ğŸ‡´	country-flags/data/flags/mo.svg
zh-SG	Sino-Tibetan	zh	Chinese	ä¸­æ–‡ (ZhÅngwÃ©n), æ±‰è¯­, æ¼¢èª	ltr	SG	Singapore	ğŸ‡¸ğŸ‡¬	country-flags/data/flags/sg.svg
zh-TW	Sino-Tibetan	zh	Chinese	ä¸­æ–‡ (ZhÅngwÃ©n), æ±‰è¯­, æ¼¢èª	ltr	TW	Taiwan, Province of China	ğŸ‡¹ğŸ‡¼	country-flags/data/flags/tw.svg
hr-HR	Indo-European	hr	Croatian	hrvatski jezik	ltr	HR	Croatia	ğŸ‡­ğŸ‡·	country-flags/data/flags/hr.svg
cs-CZ	Indo-European	cs	Czech	ÄeÅ¡tina, ÄeskÃ½ jazyk	ltr	CZ	Czech Republic	ğŸ‡¨ğŸ‡¿	country-flags/data/flags/cz.svg
da-DK	Indo-European	da	Danish	dansk	ltr	DK	Denmark	ğŸ‡©ğŸ‡°	country-flags/data/flags/dk.svg
dv-MV	Indo-European	dv	Divehi, Dhivehi, Maldivian	Ş‹Ş¨ŞˆŞ¬Ş€Ş¨	rtl	MV	Maldives	ğŸ‡²ğŸ‡»	country-flags/data/flags/mv.svg
nl-BE	Indo-European	nl	Dutch	Nederlands, Vlaams	ltr	BE	Belgium	ğŸ‡§ğŸ‡ª	country-flags/data/flags/be.svg
nl-NL	Indo-European	nl	Dutch	Nederlands, Vlaams	ltr	NL	Netherlands	ğŸ‡³ğŸ‡±	country-flags/data/flags/nl.svg
en-AU	Indo-European	en	English	English	ltr	AU	Australia	ğŸ‡¦ğŸ‡º	country-flags/data/flags/au.svg
en-BZ	Indo-European	en	English	English	ltr	BZ	Belize	ğŸ‡§ğŸ‡¿	country-flags/data/flags/bz.svg
en-CA	Indo-European	en	English	English	ltr	CA	Canada	ğŸ‡¨ğŸ‡¦	country-flags/data/flags/ca.svg
en-IE	Indo-European	en	English	English	ltr	IE	Ireland	ğŸ‡®ğŸ‡ª	country-flags/data/flags/ie.svg
en-JM	Indo-European	en	English	English	ltr	JM	Jamaica	ğŸ‡¯ğŸ‡²	country-flags/data/flags/jm.svg
en-NZ	Indo-European	en	English	English	ltr	NZ	New Zealand	ğŸ‡³ğŸ‡¿	country-flags/data/flags/nz.svg
en-PH	Indo-European	en	English	English	ltr	PH	Philippines	ğŸ‡µğŸ‡­	country-flags/data/flags/ph.svg
en-ZA	Indo-European	en	English	English	ltr	ZA	South Africa	ğŸ‡¿ğŸ‡¦	country-flags/data/flags/za.svg
en-TT	Indo-European	en	English	English	ltr	TT	Trinidad and Tobago	ğŸ‡¹ğŸ‡¹	country-flags/data/flags/tt.svg
en-GB	Indo-European	en	English	English	ltr	GB	United Kingdom	ğŸ‡¬ğŸ‡§	country-flags/data/flags/gb.svg
en-US	Indo-European	en	English	English	ltr	US	United States	ğŸ‡ºğŸ‡¸	country-flags/data/flags/us.svg
en-ZW	Indo-European	en	English	English	ltr	ZW	Zimbabwe	ğŸ‡¿ğŸ‡¼	country-flags/data/flags/zw.svg
et-EE	Uralic	et	Estonian	eesti, eesti keel	ltr	EE	Estonia	ğŸ‡ªğŸ‡ª	country-flags/data/flags/ee.svg
fo-FO	Indo-European	fo	Faroese	fÃ¸royskt	ltr	FO	Faroe Islands	ğŸ‡«ğŸ‡´	country-flags/data/flags/fo.svg
fa-IR	Indo-European	fa	Persian (Farsi)	ÙØ§Ø±Ø³ÛŒ	rtl	IR	Iran, Islamic Republic of	ğŸ‡®ğŸ‡·	country-flags/data/flags/ir.svg
fi-FI	Uralic	fi	Finnish	suomi, suomen kieli	ltr	FI	Finland	ğŸ‡«ğŸ‡®	country-flags/data/flags/fi.svg
fr-BE	Indo-European	fr	French	franÃ§ais, langue franÃ§aise	ltr	BE	Belgium	ğŸ‡§ğŸ‡ª	country-flags/data/flags/be.svg
fr-CA	Indo-European	fr	French	franÃ§ais, langue franÃ§aise	ltr	CA	Canada	ğŸ‡¨ğŸ‡¦	country-flags/data/flags/ca.svg
fr-FR	Indo-European	fr	French	franÃ§ais, langue franÃ§aise	ltr	FR	France	ğŸ‡«ğŸ‡·	country-flags/data/flags/fr.svg
fr-LU	Indo-European	fr	French	franÃ§ais, langue franÃ§aise	ltr	LU	Luxembourg	ğŸ‡±ğŸ‡º	country-flags/data/flags/lu.svg
fr-MC	Indo-European	fr	French	franÃ§ais, langue franÃ§aise	ltr	MC	Monaco	ğŸ‡²ğŸ‡¨	country-flags/data/flags/mc.svg
fr-CH	Indo-European	fr	French	franÃ§ais, langue franÃ§aise	ltr	CH	Switzerland	ğŸ‡¨ğŸ‡­	country-flags/data/flags/ch.svg
gl-ES	Indo-European	gl	Galician	galego	ltr	ES	Spain	ğŸ‡ªğŸ‡¸	country-flags/data/flags/es.svg
ka-GE	South Caucasian	ka	Georgian	áƒ¥áƒáƒ áƒ—áƒ£áƒšáƒ˜	ltr	GE	Georgia	ğŸ‡¬ğŸ‡ª	country-flags/data/flags/ge.svg
de-AT	Indo-European	de	German	Deutsch	ltr	AT	Austria	ğŸ‡¦ğŸ‡¹	country-flags/data/flags/at.svg
de-DE	Indo-European	de	German	Deutsch	ltr	DE	Germany	ğŸ‡©ğŸ‡ª	country-flags/data/flags/de.svg
de-LI	Indo-European	de	German	Deutsch	ltr	LI	Liechtenstein	ğŸ‡±ğŸ‡®	country-flags/data/flags/li.svg
de-LU	Indo-European	de	German	Deutsch	ltr	LU	Luxembourg	ğŸ‡±ğŸ‡º	country-flags/data/flags/lu.svg
de-CH	Indo-European	de	German	Deutsch	ltr	CH	Switzerland	ğŸ‡¨ğŸ‡­	country-flags/data/flags/ch.svg
el-GR	Indo-European	el	Greek (modern)	ÎµÎ»Î»Î·Î½Î¹ÎºÎ¬	ltr	GR	Greece	ğŸ‡¬ğŸ‡·	country-flags/data/flags/gr.svg
gu-IN	Indo-European	gu	Gujarati	àª—à«àªœàª°àª¾àª¤à«€	ltr	IN	India	ğŸ‡®ğŸ‡³	country-flags/data/flags/in.svg
he-IL	Afro-Asiatic	he	Hebrew (modern)	×¢×‘×¨×™×ª	rtl	IL	Israel	ğŸ‡®ğŸ‡±	country-flags/data/flags/il.svg
hi-IN	Indo-European	hi	Hindi	à¤¹à¤¿à¤¨à¥à¤¦à¥€, à¤¹à¤¿à¤‚à¤¦à¥€	ltr	IN	India	ğŸ‡®ğŸ‡³	country-flags/data/flags/in.svg
hu-HU	Uralic	hu	Hungarian	magyar	ltr	HU	Hungary	ğŸ‡­ğŸ‡º	country-flags/data/flags/hu.svg
is-IS	Indo-European	is	Icelandic	Ãslenska	ltr	IS	Iceland	ğŸ‡®ğŸ‡¸	country-flags/data/flags/is.svg
id-ID	Austronesian	id	Indonesian	Bahasa Indonesia	ltr	ID	Indonesia	ğŸ‡®ğŸ‡©	country-flags/data/flags/id.svg
it-IT	Indo-European	it	Italian	italiano	ltr	IT	Italy	ğŸ‡®ğŸ‡¹	country-flags/data/flags/it.svg
it-CH	Indo-European	it	Italian	italiano	ltr	CH	Switzerland	ğŸ‡¨ğŸ‡­	country-flags/data/flags/ch.svg
ja-JP	Japonic	ja	Japanese	æ—¥æœ¬èª (ã«ã»ã‚“ã”)	ltr	JP	Japan	ğŸ‡¯ğŸ‡µ	country-flags/data/flags/jp.svg
kn-IN	Dravidian	kn	Kannada	à²•à²¨à³à²¨à²¡	ltr	IN	India	ğŸ‡®ğŸ‡³	country-flags/data/flags/in.svg
kk-KZ	Turkic	kk	Kazakh	Ò›Ğ°Ğ·Ğ°Ò› Ñ‚Ñ–Ğ»Ñ–	ltr	KZ	Kazakhstan	ğŸ‡°ğŸ‡¿	country-flags/data/flags/kz.svg
ko-KR	Koreanic	ko	Korean	í•œêµ­ì–´, ì¡°ì„ ì–´	ltr	KR	Korea, Republic of	ğŸ‡°ğŸ‡·	country-flags/data/flags/kr.svg
ky-KZ	Turkic	ky	Kyrgyz	ĞšÑ‹Ñ€Ğ³Ñ‹Ğ·Ñ‡Ğ°, ĞšÑ‹Ñ€Ğ³Ñ‹Ğ· Ñ‚Ğ¸Ğ»Ğ¸	ltr	KZ	Kazakhstan	ğŸ‡°ğŸ‡¿	country-flags/data/flags/kz.svg
lv-LV	Indo-European	lv	Latvian	latvieÅ¡u valoda	ltr	LV	Latvia	ğŸ‡±ğŸ‡»	country-flags/data/flags/lv.svg
lt-LT	Indo-European	lt	Lithuanian	lietuviÅ³ kalba	ltr	LT	Lithuania	ğŸ‡±ğŸ‡¹	country-flags/data/flags/lt.svg
mk-MK	Indo-European	mk	Macedonian	Ğ¼Ğ°ĞºĞµĞ´Ğ¾Ğ½ÑĞºĞ¸ Ñ˜Ğ°Ğ·Ğ¸Ğº	ltr	MK	Macedonia, the former Yugoslav Republic of	ğŸ‡²ğŸ‡°	country-flags/data/flags/mk.svg
ms-BN	Austronesian	ms	Malay	bahasa Melayu, Ø¨Ù‡Ø§Ø³ Ù…Ù„Ø§ÙŠÙˆâ€	ltr	BN	Brunei Darussalam	ğŸ‡§ğŸ‡³	country-flags/data/flags/bn.svg
ms-MY	Austronesian	ms	Malay	bahasa Melayu, Ø¨Ù‡Ø§Ø³ Ù…Ù„Ø§ÙŠÙˆâ€	ltr	MY	Malaysia	ğŸ‡²ğŸ‡¾	country-flags/data/flags/my.svg
mr-IN	Indo-European	mr	Marathi (MarÄá¹­hÄ«)	à¤®à¤°à¤¾à¤ à¥€	ltr	IN	India	ğŸ‡®ğŸ‡³	country-flags/data/flags/in.svg
mn-MN	Mongolic	mn	Mongolian	Ğ¼Ğ¾Ğ½Ğ³Ğ¾Ğ»	ltr	MN	Mongolia	ğŸ‡²ğŸ‡³	country-flags/data/flags/mn.svg
nb-NO	Indo-European	nb	Norwegian BokmÃ¥l	Norsk bokmÃ¥l	ltr	NO	Norway	ğŸ‡³ğŸ‡´	country-flags/data/flags/no.svg
nn-NO	Indo-European	nn	Norwegian Nynorsk	Norsk nynorsk	ltr	NO	Norway	ğŸ‡³ğŸ‡´	country-flags/data/flags/no.svg
pl-PL	Indo-European	pl	Polish	jÄ™zyk polski, polszczyzna	ltr	PL	Poland	ğŸ‡µğŸ‡±	country-flags/data/flags/pl.svg
pt-BR	Indo-European	pt	Portuguese	portuguÃªs	ltr	BR	Brazil	ğŸ‡§ğŸ‡·	country-flags/data/flags/br.svg
pt-PT	Indo-European	pt	Portuguese	portuguÃªs	ltr	PT	Portugal	ğŸ‡µğŸ‡¹	country-flags/data/flags/pt.svg
pa-IN	Indo-European	pa	Panjabi, Punjabi	à¨ªà©°à¨œà¨¾à¨¬à©€, Ù¾Ù†Ø¬Ø§Ø¨ÛŒâ€	ltr	IN	India	ğŸ‡®ğŸ‡³	country-flags/data/flags/in.svg
ro-RO	Indo-European	ro	Romanian	limba romÃ¢nÄƒ	ltr	RO	Romania	ğŸ‡·ğŸ‡´	country-flags/data/flags/ro.svg
ru-RU	Indo-European	ru	Russian	Ñ€ÑƒÑÑĞºĞ¸Ğ¹ ÑĞ·Ñ‹Ğº	ltr	RU	Russian Federation	ğŸ‡·ğŸ‡º	country-flags/data/flags/ru.svg
sa-IN	Indo-European	sa	Sanskrit (Saá¹ská¹›ta)	à¤¸à¤‚à¤¸à¥à¤•à¥ƒà¤¤à¤®à¥	ltr	IN	India	ğŸ‡®ğŸ‡³	country-flags/data/flags/in.svg
sr-RS	Indo-European	sr	Serbian	ÑÑ€Ğ¿ÑĞºĞ¸ Ñ˜ĞµĞ·Ğ¸Ğº	ltr	RS	Serbia	ğŸ‡·ğŸ‡¸	country-flags/data/flags/rs.svg
sk-SK	Indo-European	sk	Slovak	slovenÄina, slovenskÃ½ jazyk	ltr	SK	Slovakia	ğŸ‡¸ğŸ‡°	country-flags/data/flags/sk.svg
sl-SI	Indo-European	sl	Slovene	slovenski jezik, slovenÅ¡Äina	ltr	SI	Slovenia	ğŸ‡¸ğŸ‡®	country-flags/data/flags/si.svg
es-AR	Indo-European	es	Spanish, Castilian	espaÃ±ol, castellano	ltr	AR	Argentina	ğŸ‡¦ğŸ‡·	country-flags/data/flags/ar.svg
es-BO	Indo-European	es	Spanish, Castilian	espaÃ±ol, castellano	ltr	BO	Bolivia, Plurinational State of	ğŸ‡§ğŸ‡´	country-flags/data/flags/bo.svg
es-CL	Indo-European	es	Spanish, Castilian	espaÃ±ol, castellano	ltr	CL	Chile	ğŸ‡¨ğŸ‡±	country-flags/data/flags/cl.svg
es-CO	Indo-European	es	Spanish, Castilian	espaÃ±ol, castellano	ltr	CO	Colombia	ğŸ‡¨ğŸ‡´	country-flags/data/flags/co.svg
es-CR	Indo-European	es	Spanish, Castilian	espaÃ±ol, castellano	ltr	CR	Costa Rica	ğŸ‡¨ğŸ‡·	country-flags/data/flags/cr.svg
es-DO	Indo-European	es	Spanish, Castilian	espaÃ±ol, castellano	ltr	DO	Dominican Republic	ğŸ‡©ğŸ‡´	country-flags/data/flags/do.svg
es-EC	Indo-European	es	Spanish, Castilian	espaÃ±ol, castellano	ltr	EC	Ecuador	ğŸ‡ªğŸ‡¨	country-flags/data/flags/ec.svg
es-SV	Indo-European	es	Spanish, Castilian	espaÃ±ol, castellano	ltr	SV	El Salvador	ğŸ‡¸ğŸ‡»	country-flags/data/flags/sv.svg
es-GT	Indo-European	es	Spanish, Castilian	espaÃ±ol, castellano	ltr	GT	Guatemala	ğŸ‡¬ğŸ‡¹	country-flags/data/flags/gt.svg
es-HN	Indo-European	es	Spanish, Castilian	espaÃ±ol, castellano	ltr	HN	Honduras	ğŸ‡­ğŸ‡³	country-flags/data/flags/hn.svg
es-MX	Indo-European	es	Spanish, Castilian	espaÃ±ol, castellano	ltr	MX	Mexico	ğŸ‡²ğŸ‡½	country-flags/data/flags/mx.svg
es-NI	Indo-European	es	Spanish, Castilian	espaÃ±ol, castellano	ltr	NI	Nicaragua	ğŸ‡³ğŸ‡®	country-flags/data/flags/ni.svg
es-PA	Indo-European	es	Spanish, Castilian	espaÃ±ol, castellano	ltr	PA	Panama	ğŸ‡µğŸ‡¦	country-flags/data/flags/pa.svg
es-PY	Indo-European	es	Spanish, Castilian	espaÃ±ol, castellano	ltr	PY	Paraguay	ğŸ‡µğŸ‡¾	country-flags/data/flags/py.svg
es-PE	Indo-European	es	Spanish, Castilian	espaÃ±ol, castellano	ltr	PE	Peru	ğŸ‡µğŸ‡ª	country-flags/data/flags/pe.svg
es-PR	Indo-European	es	Spanish, Castilian	espaÃ±ol, castellano	ltr	PR	Puerto Rico	ğŸ‡µğŸ‡·	country-flags/data/flags/pr.svg
es-ES	Indo-European	es	Spanish, Castilian	espaÃ±ol, castellano	ltr	ES	Spain	ğŸ‡ªğŸ‡¸	country-flags/data/flags/es.svg
es-UY	Indo-European	es	Spanish, Castilian	espaÃ±ol, castellano	ltr	UY	Uruguay	ğŸ‡ºğŸ‡¾	country-flags/data/flags/uy.svg
es-VE	Indo-European	es	Spanish, Castilian	espaÃ±ol, castellano	ltr	VE	Venezuela, Bolivarian Republic of	ğŸ‡»ğŸ‡ª	country-flags/data/flags/ve.svg
sw-KE	Nigerâ€“Congo	sw	Swahili	Kiswahili	ltr	KE	Kenya	ğŸ‡°ğŸ‡ª	country-flags/data/flags/ke.svg
sv-FI	Indo-European	sv	Swedish	Svenska	ltr	FI	Finland	ğŸ‡«ğŸ‡®	country-flags/data/flags/fi.svg
sv-SE	Indo-European	sv	Swedish	Svenska	ltr	SE	Sweden	ğŸ‡¸ğŸ‡ª	country-flags/data/flags/se.svg
ta-IN	Dravidian	ta	Tamil	à®¤à®®à®¿à®´à¯	ltr	IN	India	ğŸ‡®ğŸ‡³	country-flags/data/flags/in.svg
tt-RU	Turkic	tt	Tatar	Ñ‚Ğ°Ñ‚Ğ°Ñ€ Ñ‚ĞµĞ»Ğµ, tatar tele	ltr	RU	Russian Federation	ğŸ‡·ğŸ‡º	country-flags/data/flags/ru.svg
te-IN	Dravidian	te	Telugu	à°¤à±†à°²à±à°—à±	ltr	IN	India	ğŸ‡®ğŸ‡³	country-flags/data/flags/in.svg
th-TH	Taiâ€“Kadai	th	Thai	à¹„à¸—à¸¢	ltr	TH	Thailand	ğŸ‡¹ğŸ‡­	country-flags/data/flags/th.svg
tr-TR	Turkic	tr	Turkish	TÃ¼rkÃ§e	ltr	TR	Turkey	ğŸ‡¹ğŸ‡·	country-flags/data/flags/tr.svg
uk-UA	Indo-European	uk	Ukrainian	ÑƒĞºÑ€Ğ°Ñ—Ğ½ÑÑŒĞºĞ° Ğ¼Ğ¾Ğ²Ğ°	ltr	UA	Ukraine	ğŸ‡ºğŸ‡¦	country-flags/data/flags/ua.svg
ur-PK	Indo-European	ur	Urdu	Ø§Ø±Ø¯Ùˆ	rtl	PK	Pakistan	ğŸ‡µğŸ‡°	country-flags/data/flags/pk.svg
uz-UZ	Turkic	uz	Uzbek	Oâ€˜zbek, ĞĞ·Ğ±ĞµĞº, Ø£Û‡Ø²Ø¨ÛÙƒâ€	ltr	UZ	Uzbekistan	ğŸ‡ºğŸ‡¿	country-flags/data/flags/uz.svg
vi-VN	Austroasiatic	vi	Vietnamese	Tiáº¿ng Viá»‡t	ltr	VN	Viet Nam	ğŸ‡»ğŸ‡³	country-flags/data/flags/vn.svg
